,0,1,2
0,0.015814712784409754,0.0,0.007907356392204877
1,0.0,0.0,0.007907356392204877
2,0.0,0.0,0.007907356392204877
3,0.0,0.0,0.007907356392204877
4,0.0,0.0,0.007907356392204877
5,0.020716987930102685,0.0,0.007907356392204877
6,0.0,0.0,0.007907356392204877
7,0.02350187265917603,0.0,0.007907356392204877
8,0.020689655172413793,0.0,0.007907356392204877
9,0.0,0.0,0.007907356392204877
10,0.0,0.0,0.007907356392204877
11,0.0,0.0,0.007907356392204877
12,0.0,0.0,0.007907356392204877
13,0.0,0.0,0.007907356392204877
14,0.0,0.0,0.007907356392204877
15,0.0,0.0,0.007907356392204877
16,0.0,0.0,0.007907356392204877
17,0.0,0.0,0.007907356392204877
18,0.0,0.0,0.007907356392204877
19,0.0,0.0,0.007907356392204877
20,0.0,0.0,0.007907356392204877
21,0.0,0.0,0.007907356392204877
22,0.0,0.0,0.007907356392204877
23,0.0,0.0,0.007907356392204877
24,0.0,0.0,0.007907356392204877
25,0.0,0.0,0.007907356392204877
26,0.0,0.0,0.007907356392204877
27,0.0,0.0,0.007907356392204877
28,0.0,0.0,0.007907356392204877
29,0.0,0.0,0.007907356392204877
30,0.0,0.0,0.007907356392204877
31,0.0,0.0,0.007907356392204877
32,0.0,0.0,0.007907356392204877
33,0.0,0.0,0.007907356392204877
34,0.0,0.0,0.007907356392204877
35,0.0,0.0,0.007907356392204877
36,0.0,0.0,0.007907356392204877
37,0.0,0.0,0.007907356392204877
38,0.0,0.0,0.007907356392204877
39,0.0,0.0,0.007907356392204877
40,0.012784679089026914,0.0,0.007907356392204877
41,0.0,0.0,0.007907356392204877
42,0.0,0.0,0.007907356392204877
43,0.0,0.0,0.007907356392204877
44,0.0,0.0,0.007907356392204877
45,0.0,0.0,0.007907356392204877
46,0.0,0.0,0.007907356392204877
47,0.0,0.0,0.007907356392204877
48,0.0,0.0,0.007907356392204877
49,0.0,0.0,0.007907356392204877
50,0.0,0.0,0.007907356392204877
51,0.0,0.0,0.007907356392204877
52,0.0,0.0,0.007907356392204877
53,0.0,0.0,0.007907356392204877
54,0.0,0.0,0.007907356392204877
55,0.0,0.0,0.007907356392204877
56,0.0,0.0,0.007907356392204877
57,0.0,0.0,0.007907356392204877
58,0.0,0.0,0.007907356392204877
59,0.0,0.0,0.007907356392204877
60,0.0,0.0,0.007907356392204877
61,0.0,0.0,0.007907356392204877
62,0.0,0.0,0.007907356392204877
63,0.0,0.0,0.007907356392204877
64,0.0,0.0,0.007907356392204877
65,0.0,0.0,0.007907356392204877
66,0.04212983548243664,0.0,0.007907356392204877
67,0.12220183486238533,0.0,0.007907356392204877
68,0.1308108108108108,0.0,0.007907356392204877
69,0.13972089857045608,0.0,0.007907356392204877
70,0.149619331347236,0.0,0.007907356392204877
71,0.1367558870849788,0.0,0.007907356392204877
72,0.0,0.0,0.007907356392204877
73,0.04064477848101266,0.0,0.007907356392204877
74,0.0,0.0,0.007907356392204877
75,0.07235876742479824,0.0,0.007907356392204877
76,0.0,0.0,0.007907356392204877
77,0.07486338797814207,0.0,0.007907356392204877
78,0.0,0.0,0.007907356392204877
79,0.08231913455037188,0.0,0.007907356392204877
80,0.08112155753390465,0.0,0.007907356392204877
81,0.07886868686868687,0.0,0.007907356392204877
82,0.07871930669234473,0.0,0.007907356392204877
83,0.08707615835256524,0.0,0.007907356392204877
84,0.1342044371852457,0.0,0.007907356392204877
85,0.0,0.0,0.007907356392204877
86,0.0,0.0,0.007907356392204877
87,0.0,0.0,0.007907356392204877
88,0.0,0.0,0.007907356392204877
89,0.0,0.0,0.007907356392204877
90,0.0,0.0,0.007907356392204877
91,0.0,0.0,0.007907356392204877
92,0.0,0.0,0.007907356392204877
93,0.0,0.0,0.007907356392204877
94,0.0,0.0,0.007907356392204877
95,0.0,0.0,0.007907356392204877
96,0.0,0.0,0.007907356392204877
97,0.0,0.0,0.007907356392204877
98,0.0,0.0,0.007907356392204877
99,0.0,0.0,0.007907356392204877
100,0.0,0.0,0.007907356392204877
101,0.0,0.0,0.007907356392204877
102,0.0,0.0,0.007907356392204877
103,0.0,0.0,0.007907356392204877
104,0.0,0.0,0.007907356392204877
105,0.0,0.0,0.007907356392204877
106,0.0,0.0,0.007907356392204877
107,0.0,0.0,0.007907356392204877
108,0.0,0.0,0.007907356392204877
109,0.0,0.0,0.007907356392204877
110,0.0,0.0,0.007907356392204877
111,0.0,0.0,0.007907356392204877
112,0.0,0.0,0.007907356392204877
113,0.0,0.0,0.007907356392204877
114,0.0,0.0,0.007907356392204877
115,0.0,0.0,0.007907356392204877
116,0.0,0.0,0.007907356392204877
117,0.0,0.0,0.007907356392204877
118,0.0,0.0,0.007907356392204877
119,0.0,0.0,0.007907356392204877
120,0.0,0.0,0.007907356392204877
121,0.0,0.0,0.007907356392204877
122,0.0,0.0,0.007907356392204877
123,0.0,0.0,0.007907356392204877
124,0.0,0.0,0.007907356392204877
125,0.0,0.0,0.007907356392204877
126,0.0,0.0,0.007907356392204877
127,0.0,0.0,0.007907356392204877
128,0.0,0.0,0.007907356392204877
129,0.0,0.0,0.007907356392204877
130,0.0,0.0,0.007907356392204877
131,0.0,0.0,0.007907356392204877
132,0.0,0.0,0.007907356392204877
133,0.0,0.0,0.007907356392204877
134,0.0,0.0,0.007907356392204877
135,0.0,0.0,0.007907356392204877
136,0.0,0.0,0.007907356392204877
137,0.0,0.0,0.007907356392204877
138,0.0,0.0,0.007907356392204877
139,0.0,0.0,0.007907356392204877
140,0.0,0.0,0.007907356392204877
141,0.0,0.0,0.007907356392204877
142,0.0,0.0,0.007907356392204877
143,0.0,0.0,0.007907356392204877
144,0.0,0.0,0.007907356392204877
145,0.0,0.0,0.007907356392204877
146,0.0,0.0,0.007907356392204877
147,0.0,0.0,0.007907356392204877
148,0.0,0.0,0.007907356392204877
149,0.0,0.0,0.007907356392204877
150,0.0,0.0,0.007907356392204877
151,0.0,0.0,0.007907356392204877
152,0.0,0.0,0.007907356392204877
153,0.0,0.0,0.007907356392204877
154,0.0,0.0,0.007907356392204877
155,0.0,0.0,0.007907356392204877
156,0.0,0.0,0.007907356392204877
157,0.0,0.0,0.007907356392204877
158,0.0,0.0,0.007907356392204877
159,0.0,0.0,0.007907356392204877
160,0.0,0.0,0.007907356392204877
161,0.0,0.0,0.007907356392204877
162,0.0,0.0,0.007907356392204877
163,0.0,0.0,0.007907356392204877
164,0.0,0.0,0.007907356392204877
165,0.0,0.0,0.007907356392204877
166,0.0,0.0,0.007907356392204877
167,0.0,0.0,0.007907356392204877
168,0.0,0.0,0.007907356392204877
169,0.0,0.0,0.007907356392204877
170,0.0,0.0,0.007907356392204877
171,0.0,0.0,0.007907356392204877
172,0.0,0.0,0.007907356392204877
173,0.0,0.0,0.007907356392204877
174,0.0,0.0,0.007907356392204877
175,0.0,0.0,0.007907356392204877
176,0.0,0.0,0.007907356392204877
177,0.0,0.0,0.007907356392204877
178,0.0,0.0,0.007907356392204877
179,0.0,0.0,0.007907356392204877
180,0.0,0.0,0.007907356392204877
181,0.0,0.0,0.007907356392204877
182,0.0,0.0,0.007907356392204877
183,0.0,0.0,0.007907356392204877
184,0.0,0.0,0.007907356392204877
185,0.0,0.0,0.007907356392204877
186,0.0,0.0,0.007907356392204877
187,0.0,0.0,0.007907356392204877
188,0.0,0.0,0.007907356392204877
189,0.0,0.0,0.007907356392204877
190,0.0,0.0,0.007907356392204877
191,0.0,0.0,0.007907356392204877
192,0.0,0.0,0.007907356392204877
193,0.0,0.0,0.007907356392204877
194,0.0,0.0,0.007907356392204877
195,0.0,0.0,0.007907356392204877
196,0.0,0.0,0.007907356392204877
197,0.0,0.0,0.007907356392204877
198,0.0,0.0,0.007907356392204877
199,0.0,0.0,0.007907356392204877
200,0.0,0.0,0.007907356392204877
201,0.0,0.0,0.007907356392204877
202,0.0,0.0,0.007907356392204877
203,0.0,0.0,0.007907356392204877
204,0.0,0.0,0.007907356392204877
205,0.0,0.0,0.007907356392204877
206,0.0,0.0,0.007907356392204877
207,0.0,0.0,0.007907356392204877
208,0.0,0.0,0.007907356392204877
209,0.0,0.0,0.007907356392204877
210,0.0,0.0,0.007907356392204877
211,0.0,0.0,0.007907356392204877
212,0.0,0.0,0.007907356392204877
213,0.0,0.0,0.007907356392204877
214,0.0,0.0,0.007907356392204877
215,0.0,0.0,0.007907356392204877
216,0.0,0.0,0.007907356392204877
217,0.0,0.0,0.007907356392204877
218,0.0,0.0,0.007907356392204877
219,0.0,0.0,0.007907356392204877
220,0.0,0.0,0.007907356392204877
221,0.0,0.0,0.007907356392204877
222,0.0,0.0,0.007907356392204877
223,0.0,0.0,0.007907356392204877
224,0.0,0.0,0.007907356392204877
225,0.0,0.0,0.007907356392204877
226,0.0,0.0,0.007907356392204877
227,0.0,0.0,0.007907356392204877
228,0.0,0.0,0.007907356392204877
229,0.0,0.0,0.007907356392204877
230,0.0,0.0,0.007907356392204877
231,0.0,0.0,0.007907356392204877
232,0.0,0.0,0.007907356392204877
233,0.0,0.0,0.007907356392204877
234,0.0,0.0,0.007907356392204877
235,0.0,0.0,0.007907356392204877
236,0.0,0.0,0.007907356392204877
237,0.0,0.0,0.007907356392204877
238,0.0,0.0,0.007907356392204877
239,0.0,0.0,0.007907356392204877
240,0.0,0.0,0.007907356392204877
241,0.0,0.0,0.007907356392204877
242,0.0,0.0,0.007907356392204877
243,0.0,0.0,0.007907356392204877
244,0.0,0.0,0.007907356392204877
245,0.0,0.0,0.007907356392204877
246,0.0,0.0,0.007907356392204877
247,0.0,0.0,0.007907356392204877
248,0.0,0.0,0.007907356392204877
249,0.0,0.0,0.007907356392204877
250,0.0,0.0,0.007907356392204877
251,0.0,0.0,0.007907356392204877
252,0.0,0.0,0.007907356392204877
253,0.0,0.0,0.007907356392204877
254,0.0,0.0,0.007907356392204877
255,0.0,0.0,0.007907356392204877
256,0.0,0.0,0.007907356392204877
257,0.0,0.0,0.007907356392204877
258,0.0,0.0,0.007907356392204877
259,0.0,0.0,0.007907356392204877
260,0.0,0.0,0.007907356392204877
261,0.0,0.0,0.007907356392204877
262,0.0,0.0,0.007907356392204877
263,0.0,0.0,0.007907356392204877
264,0.0,0.0,0.007907356392204877
265,0.0,0.0,0.007907356392204877
266,0.0,0.0,0.007907356392204877
267,0.0,0.0,0.007907356392204877
268,0.0,0.0,0.007907356392204877
269,0.0,0.0,0.007907356392204877
270,0.0,0.0,0.007907356392204877
271,0.0,0.0,0.007907356392204877
272,0.0,0.0,0.007907356392204877
273,0.0,0.0,0.007907356392204877
274,0.0,0.0,0.007907356392204877
275,0.0,0.0,0.007907356392204877
276,0.0,0.0,0.007907356392204877
277,0.0,0.0,0.007907356392204877
278,0.0,0.0,0.007907356392204877
279,0.0,0.0,0.007907356392204877
280,0.0,0.0,0.007907356392204877
281,0.0,0.0,0.007907356392204877
282,0.0,0.0,0.007907356392204877
283,0.0,0.0,0.007907356392204877
284,0.0,0.0,0.007907356392204877
285,0.0,0.0,0.007907356392204877
286,0.0,0.0,0.007907356392204877
287,0.0,0.0,0.007907356392204877
288,0.0,0.0,0.007907356392204877
289,0.0,0.0,0.007907356392204877
290,0.0,0.0,0.007907356392204877
291,0.0,0.0,0.007907356392204877
292,0.0,0.0,0.007907356392204877
293,0.0,0.0,0.007907356392204877
294,0.0,0.0,0.007907356392204877
295,0.0,0.0,0.007907356392204877
296,0.0,0.0,0.007907356392204877
297,0.0,0.0,0.007907356392204877
298,0.0,0.0,0.007907356392204877
299,0.0,0.0,0.007907356392204877
300,0.0,0.0,0.007907356392204877
301,0.0,0.0,0.007907356392204877
302,0.0,0.0,0.007907356392204877
303,0.0,0.0,0.007907356392204877
304,0.0,0.0,0.007907356392204877
305,0.0,0.0,0.007907356392204877
306,0.0,0.0,0.007907356392204877
307,0.0,0.0,0.007907356392204877
308,0.0,0.0,0.007907356392204877
309,0.0,0.0,0.007907356392204877
310,0.0,0.0,0.007907356392204877
311,0.0,0.0,0.007907356392204877
312,0.0,0.0,0.007907356392204877
313,0.0,0.0,0.007907356392204877
314,0.0,0.0,0.007907356392204877
315,0.0,0.0,0.007907356392204877
316,0.0,0.0,0.007907356392204877
317,0.0,0.0,0.007907356392204877
318,0.0,0.0,0.007907356392204877
319,0.0,0.0,0.007907356392204877
320,0.0,0.0,0.007907356392204877
321,0.0,0.0,0.007907356392204877
322,0.0,0.0,0.007907356392204877
323,0.0,0.0,0.007907356392204877
324,0.0,0.0,0.007907356392204877
325,0.0,0.0,0.007907356392204877
326,0.0,0.0,0.007907356392204877
327,0.0,0.0,0.007907356392204877
328,0.0,0.0,0.007907356392204877
329,0.0,0.0,0.007907356392204877
330,0.0,0.0,0.007907356392204877
331,0.0,0.0,0.007907356392204877
332,0.0,0.0,0.007907356392204877
333,0.0,0.0,0.007907356392204877
334,0.0,0.0,0.007907356392204877
335,0.0,0.0,0.007907356392204877
336,0.0,0.0,0.007907356392204877
337,0.0,0.0,0.007907356392204877
338,0.0,0.0,0.007907356392204877
339,0.0,0.0,0.007907356392204877
340,0.0,0.0,0.007907356392204877
341,0.0,0.0,0.007907356392204877
342,0.0,0.0,0.007907356392204877
343,0.0,0.0,0.007907356392204877
344,0.0,0.0,0.007907356392204877
345,0.0,0.0,0.007907356392204877
346,0.0,0.0,0.007907356392204877
347,0.0,0.0,0.007907356392204877
348,0.0,0.0,0.007907356392204877
349,0.0,0.0,0.007907356392204877
350,0.0,0.0,0.007907356392204877
351,0.0,0.0,0.007907356392204877
352,0.0,0.0,0.007907356392204877
353,0.0,0.0,0.007907356392204877
354,0.0,0.0,0.007907356392204877
355,0.0,0.0,0.007907356392204877
356,0.0,0.0,0.007907356392204877
357,0.0,0.0,0.007907356392204877
358,0.0,0.0,0.007907356392204877
359,0.0,0.0,0.007907356392204877
360,0.0,0.0,0.007907356392204877
361,0.0,0.0,0.007907356392204877
362,0.0,0.0,0.007907356392204877
363,0.0,0.0,0.007907356392204877
364,0.0,0.0,0.007907356392204877
365,0.0,0.0,0.007907356392204877
366,0.0,0.0,0.007907356392204877
367,0.0,0.0,0.007907356392204877
368,0.0,0.0,0.007907356392204877
369,0.0,0.0,0.007907356392204877
370,0.0,0.0,0.007907356392204877
371,0.0,0.0,0.007907356392204877
372,0.0,0.0,0.007907356392204877
373,0.0,0.0,0.007907356392204877
374,0.0,0.0,0.007907356392204877
375,0.0,0.0,0.007907356392204877
376,0.0,0.0,0.007907356392204877
377,0.0,0.0,0.007907356392204877
378,0.0,0.0,0.007907356392204877
379,0.0,0.0,0.007907356392204877
380,0.0,0.0,0.007907356392204877
381,0.0,0.0,0.007907356392204877
382,0.0,0.0,0.007907356392204877
383,0.0,0.0,0.007907356392204877
384,0.0,0.0,0.007907356392204877
385,0.0,0.0,0.007907356392204877
386,0.0,0.0,0.007907356392204877
387,0.0,0.0,0.007907356392204877
388,0.0,0.0,0.007907356392204877
389,0.0,0.0,0.007907356392204877
390,0.0,0.0,0.007907356392204877
391,0.0,0.0,0.007907356392204877
392,0.0,0.0,0.007907356392204877
393,0.0,0.0,0.007907356392204877
394,0.0,0.0,0.007907356392204877
395,0.0,0.0,0.007907356392204877
396,0.0,0.0,0.007907356392204877
397,0.0,0.0,0.007907356392204877
398,0.0,0.0,0.007907356392204877
399,0.0,0.0,0.007907356392204877
400,0.0,0.0,0.007907356392204877
401,0.0,0.0,0.007907356392204877
402,0.0,0.0,0.007907356392204877
403,0.0,0.0,0.007907356392204877
404,0.0,0.0,0.007907356392204877
405,0.0,0.0,0.007907356392204877
406,0.0,0.0,0.007907356392204877
407,0.0,0.0,0.007907356392204877
408,0.0,0.0,0.007907356392204877
409,0.0,0.0,0.007907356392204877
410,0.0,0.0,0.007907356392204877
411,0.0,0.0,0.007907356392204877
412,0.0,0.0,0.007907356392204877
413,0.0,0.0,0.007907356392204877
414,0.0,0.0,0.007907356392204877
415,0.0,0.0,0.007907356392204877
416,0.0,0.0,0.007907356392204877
417,0.0,0.0,0.007907356392204877
418,0.0,0.0,0.007907356392204877
419,0.0,0.0,0.007907356392204877
420,0.0,0.0,0.007907356392204877
421,0.0,0.0,0.007907356392204877
422,0.0,0.0,0.007907356392204877
423,0.0,0.0,0.007907356392204877
424,0.0,0.0,0.007907356392204877
425,0.0,0.0,0.007907356392204877
426,0.0,0.0,0.007907356392204877
427,0.0,0.0,0.007907356392204877
428,0.0,0.0,0.007907356392204877
429,0.0,0.0,0.007907356392204877
430,0.0,0.0,0.007907356392204877
431,0.0,0.0,0.007907356392204877
432,0.0,0.0,0.007907356392204877
433,0.0,0.0,0.007907356392204877
434,0.0,0.0,0.007907356392204877
435,0.0,0.0,0.007907356392204877
436,0.0,0.0,0.007907356392204877
437,0.0,0.0,0.007907356392204877
438,0.0,0.0,0.007907356392204877
439,0.0,0.0,0.007907356392204877
440,0.0,0.0,0.007907356392204877
441,0.0,0.0,0.007907356392204877
442,0.0,0.0,0.007907356392204877
443,0.0,0.0,0.007907356392204877
444,0.0,0.0,0.007907356392204877
445,0.0,0.0,0.007907356392204877
446,0.0,0.0,0.007907356392204877
447,0.0,0.0,0.007907356392204877
448,0.0,0.0,0.007907356392204877
449,0.0,0.0,0.007907356392204877
450,0.0,0.0,0.007907356392204877
451,0.0,0.0,0.007907356392204877
452,0.0,0.0,0.007907356392204877
453,0.0,0.0,0.007907356392204877
454,0.0,0.0,0.007907356392204877
455,0.0,0.0,0.007907356392204877
456,0.0,0.0,0.007907356392204877
457,0.0,0.0,0.007907356392204877
458,0.0,0.0,0.007907356392204877
459,0.0,0.0,0.007907356392204877
460,0.0,0.0,0.007907356392204877
461,0.0,0.0,0.007907356392204877
462,0.0,0.0,0.007907356392204877
463,0.0,0.0,0.007907356392204877
464,0.0,0.0,0.007907356392204877
465,0.0,0.0,0.007907356392204877
466,0.0,0.0,0.007907356392204877
467,0.0,0.0,0.007907356392204877
468,0.0,0.0,0.007907356392204877
469,0.0,0.0,0.007907356392204877
470,0.0,0.0,0.007907356392204877
471,0.0,0.0,0.007907356392204877
472,0.0,0.0,0.007907356392204877
473,5.099439061703213e-05,0.0,0.007907356392204877
474,0.0,0.0,0.007907356392204877
475,0.0,0.0,0.007907356392204877
476,0.0,0.0,0.007907356392204877
477,0.0,0.0,0.007907356392204877
478,0.0,0.0,0.007907356392204877
479,4.428501837828263e-05,0.0,0.007907356392204877
480,4.459308807134894e-05,0.0,0.007907356392204877
481,4.414036636504083e-05,0.0,0.007907356392204877
482,0.0,0.0,0.007907356392204877
483,0.0,0.0,0.007907356392204877
484,0.0,0.0,0.007907356392204877
485,0.0,0.0,0.007907356392204877
486,9.11369332421964e-05,0.0,0.007907356392204877
487,0.0,0.0,0.007907356392204877
488,9.24898261191269e-05,0.0,0.007907356392204877
489,4.626630887387804e-05,0.0,0.007907356392204877
490,4.7169811320754715e-05,0.0,0.007907356392204877
491,9.52925481227368e-05,0.0,0.007907356392204877
492,4.807692307692308e-05,0.0,0.007907356392204877
493,4.806305873305777e-05,0.0,0.007907356392204877
494,0.0,0.0,0.007907356392204877
495,0.0,0.0,0.007907356392204877
496,0.0,0.0,0.007907356392204877
497,0.0,0.0,0.007907356392204877
498,0.0,0.0,0.007907356392204877
499,0.0,0.0,0.007907356392204877
500,0.0,0.0,0.007907356392204877
501,0.0,0.0,0.007907356392204877
502,0.0,0.0,0.007907356392204877
503,0.0,0.0,0.007907356392204877
504,0.0,0.0,0.007907356392204877
505,0.0,0.0,0.007907356392204877
506,0.0,0.0,0.007907356392204877
507,0.0,0.0,0.007907356392204877
508,0.0,0.0,0.007907356392204877
509,0.0,0.0,0.007907356392204877
510,0.0,0.0,0.007907356392204877
511,0.0,0.0,0.007907356392204877
512,0.0,0.0,0.007907356392204877
513,0.0,0.0,0.007907356392204877
514,0.0,0.0,0.007907356392204877
515,0.0,0.0,0.007907356392204877
516,0.0,0.0,0.007907356392204877
517,0.0,0.0,0.007907356392204877
518,0.0,0.0,0.007907356392204877
519,0.0,0.0,0.007907356392204877
520,0.0,0.0,0.007907356392204877
521,0.0,0.0,0.007907356392204877
522,0.0,0.0,0.007907356392204877
523,0.0,0.0,0.007907356392204877
524,0.0,0.0,0.007907356392204877
525,0.0,0.0,0.007907356392204877
526,0.0,0.0,0.007907356392204877
527,0.0,0.0,0.007907356392204877
528,0.0,0.0,0.007907356392204877
529,0.0,0.0,0.007907356392204877
530,0.0,0.0,0.007907356392204877
531,0.0,0.0,0.007907356392204877
532,0.0,0.0,0.007907356392204877
533,0.0,0.0,0.007907356392204877
534,0.0,0.0,0.007907356392204877
535,0.0,0.0,0.007907356392204877
536,0.0,0.0,0.007907356392204877
537,0.0,0.0,0.007907356392204877
538,0.0,0.0,0.007907356392204877
539,0.0,0.0,0.007907356392204877
540,0.0,0.0,0.007907356392204877
541,0.0,0.0,0.007907356392204877
542,0.0,0.0,0.007907356392204877
543,0.0,0.0,0.007907356392204877
544,0.0,0.0,0.007907356392204877
545,0.0,0.0,0.007907356392204877
546,0.0,0.0,0.007907356392204877
547,0.0,0.0,0.007907356392204877
548,0.0,0.0,0.007907356392204877
549,0.0,0.0,0.007907356392204877
550,0.0,0.0,0.007907356392204877
551,0.0,0.0,0.007907356392204877
552,0.0,0.0,0.007907356392204877
553,0.0,0.0,0.007907356392204877
554,0.0,0.0,0.007907356392204877
555,0.0,0.0,0.007907356392204877
556,0.0,0.0,0.007907356392204877
557,0.0,0.0,0.007907356392204877
558,0.0,0.0,0.007907356392204877
559,0.0,0.0,0.007907356392204877
560,0.0,0.0,0.007907356392204877
561,0.0,0.0,0.007907356392204877
562,0.0,0.0,0.007907356392204877
563,0.0,0.0,0.007907356392204877
564,0.0,0.0,0.007907356392204877
565,0.0,0.0,0.007907356392204877
566,0.0,0.0,0.007907356392204877
567,0.0,0.0,0.007907356392204877
568,0.0,0.0,0.007907356392204877
569,0.0,0.0,0.007907356392204877
570,0.0,0.0,0.007907356392204877
571,0.0,0.0,0.007907356392204877
572,0.0,0.0,0.007907356392204877
573,0.0,0.0,0.007907356392204877
574,0.0,0.0,0.007907356392204877
575,0.0,0.0,0.007907356392204877
576,0.0,0.0,0.007907356392204877
577,0.0,0.0,0.007907356392204877
578,0.0,0.0,0.007907356392204877
579,0.0,0.0,0.007907356392204877
580,0.0,0.0,0.007907356392204877
581,0.0,0.0,0.007907356392204877
582,0.0,0.0,0.007907356392204877
583,0.0,0.0,0.007907356392204877
584,0.0,0.0,0.007907356392204877
585,0.0,0.0,0.007907356392204877
586,0.0,0.0,0.007907356392204877
587,0.0,0.0,0.007907356392204877
588,0.0,0.0,0.007907356392204877
589,0.0,0.0,0.007907356392204877
590,0.0,0.0,0.007907356392204877
591,0.0,0.0,0.007907356392204877
592,0.0,0.0,0.007907356392204877
593,0.0,0.0,0.007907356392204877
594,0.0,0.0,0.007907356392204877
595,0.0,0.0,0.007907356392204877
596,0.0,0.0,0.007907356392204877
597,0.0,0.0,0.007907356392204877
598,0.0,0.0,0.007907356392204877
599,0.0,0.0,0.007907356392204877
600,0.0,0.0,0.007907356392204877
601,0.0,0.0,0.007907356392204877
602,0.0,0.0,0.007907356392204877
603,0.0,0.0,0.007907356392204877
604,0.0,0.0,0.007907356392204877
605,0.0,0.0,0.007907356392204877
606,0.0,0.0,0.007907356392204877
607,0.0,0.0,0.007907356392204877
608,0.0,0.0,0.007907356392204877
609,0.0,0.0,0.007907356392204877
610,0.0,0.0,0.007907356392204877
611,0.0,0.0,0.007907356392204877
612,0.0,0.0,0.007907356392204877
613,0.0,0.0,0.007907356392204877
614,0.0,0.0,0.007907356392204877
615,0.0,0.0,0.007907356392204877
616,0.0,0.0,0.007907356392204877
617,0.0,0.0,0.007907356392204877
618,0.0,0.0,0.007907356392204877
619,0.0,0.0,0.007907356392204877
620,0.0,0.0,0.007907356392204877
621,0.0,0.0,0.007907356392204877
622,0.0,0.0,0.007907356392204877
623,0.0,0.0,0.007907356392204877
624,0.0,0.0,0.007907356392204877
625,0.0,0.0,0.007907356392204877
626,0.0,0.0,0.007907356392204877
627,0.0,0.0,0.007907356392204877
628,0.0,0.0,0.007907356392204877
629,7.394262052647145e-05,5.206706237634073e-05,0.007907356392204877
630,0.0001122334455667789,0.0,0.007907356392204877
631,0.0,0.0,0.007907356392204877
632,0.0,0.0,0.007907356392204877
633,0.0,0.0,0.007907356392204877
634,0.0,0.0,0.007907356392204877
635,0.0,0.0,0.007907356392204877
636,0.0,0.0,0.007907356392204877
637,0.0,0.0,0.007907356392204877
638,0.0,0.0,0.007907356392204877
639,0.0,0.0,0.007907356392204877
640,0.0,0.0,0.007907356392204877
641,0.0,0.0,0.007907356392204877
642,0.0,0.0,0.007907356392204877
643,0.0,0.0,0.007907356392204877
644,0.0,0.0,0.007907356392204877
645,0.0,0.0,0.007907356392204877
646,0.0,0.0,0.007907356392204877
647,0.0,0.0,0.007907356392204877
648,0.0,0.0,0.007907356392204877
649,0.0,0.0,0.007907356392204877
650,0.0,0.0,0.007907356392204877
651,0.0,0.0,0.007907356392204877
652,0.0,0.0,0.007907356392204877
653,0.0,0.0,0.007907356392204877
654,0.0,0.0,0.007907356392204877
655,0.0003846153846153846,0.0,0.007907356392204877
656,0.0,0.0,0.007907356392204877
657,0.0,0.0,0.007907356392204877
658,9.902951079421667e-05,0.0,0.007907356392204877
659,0.0,0.0,0.007907356392204877
660,0.0,0.0,0.007907356392204877
661,0.0,0.0,0.007907356392204877
662,0.00010101010101010101,7.26005517641934e-05,0.007907356392204877
663,0.0,0.0,0.007907356392204877
664,0.0,0.0,0.007907356392204877
665,0.0,0.0,0.007907356392204877
666,0.0,0.0,0.007907356392204877
667,0.0,0.0,0.007907356392204877
668,0.0,0.0,0.007907356392204877
669,0.0,0.0,0.007907356392204877
670,0.0,0.0,0.007907356392204877
671,0.0,0.0,0.007907356392204877
672,0.0,0.0,0.007907356392204877
673,0.00017001020061203673,0.0,0.007907356392204877
674,0.0,0.0,0.007907356392204877
675,0.0,0.0,0.007907356392204877
676,0.0,0.0,0.007907356392204877
677,4.848484848484849e-05,0.0,0.007907356392204877
678,0.0,0.0,0.007907356392204877
679,0.0,0.0,0.007907356392204877
680,0.0,0.0,0.007907356392204877
681,0.0,0.0,0.007907356392204877
682,0.0,0.0,0.007907356392204877
683,0.0,0.0,0.007907356392204877
684,0.0,0.0,0.007907356392204877
685,0.0,0.0,0.007907356392204877
686,0.0,0.0,0.007907356392204877
687,0.0,0.0,0.007907356392204877
688,0.0,0.0,0.007907356392204877
689,0.0,0.0,0.007907356392204877
690,0.0,0.0,0.007907356392204877
691,0.0,0.0,0.007907356392204877
692,0.0,0.0,0.007907356392204877
693,0.0,0.0,0.007907356392204877
694,0.0,0.0,0.007907356392204877
695,0.0,0.0,0.007907356392204877
696,0.0,0.0,0.007907356392204877
697,0.0,0.0,0.007907356392204877
698,0.0,0.0,0.007907356392204877
699,0.0,0.0,0.007907356392204877
700,0.0,0.0,0.007907356392204877
701,0.0,0.0,0.007907356392204877
702,0.0,0.0,0.007907356392204877
703,0.0,0.0,0.007907356392204877
704,0.0,0.0,0.007907356392204877
705,0.0,0.0,0.007907356392204877
706,0.0,0.0,0.007907356392204877
707,0.0,0.0,0.007907356392204877
708,6.682705159048383e-05,0.0,0.007907356392204877
709,0.0,0.0,0.007907356392204877
710,0.0,0.0,0.007907356392204877
711,0.0,0.0,0.007907356392204877
712,0.0,0.0,0.007907356392204877
713,0.0,0.0,0.007907356392204877
714,0.0001893939393939394,0.0001890359168241966,0.007907356392204877
715,0.0,0.0,0.007907356392204877
716,0.0,0.0,0.007907356392204877
717,0.0,0.0,0.007907356392204877
718,0.0,0.0,0.007907356392204877
719,0.0,0.0,0.007907356392204877
720,0.0,0.0,0.007907356392204877
721,0.0,0.0,0.007907356392204877
722,0.0001086130118388183,0.0,0.007907356392204877
723,0.0,0.0,0.007907356392204877
724,0.0,0.0,0.007907356392204877
725,0.0,0.0,0.007907356392204877
726,0.0,0.0,0.007907356392204877
727,0.0,0.0,0.007907356392204877
728,0.0,0.0,0.007907356392204877
729,0.0,0.0,0.007907356392204877
730,0.0,0.0,0.007907356392204877
731,0.0,0.0,0.007907356392204877
732,0.0,0.0,0.007907356392204877
733,0.0,0.0,0.007907356392204877
734,0.0,0.0,0.007907356392204877
735,0.0,0.0,0.007907356392204877
736,0.0,0.0,0.007907356392204877
737,0.0,0.0,0.007907356392204877
738,0.0,0.0,0.007907356392204877
739,0.0,0.0,0.007907356392204877
740,0.0,0.0,0.007907356392204877
741,0.0,0.0,0.007907356392204877
742,0.0,0.0,0.007907356392204877
743,0.0,0.0,0.007907356392204877
744,0.0,0.0,0.007907356392204877
745,0.0,0.0,0.007907356392204877
746,0.0,0.0,0.007907356392204877
747,0.0,0.0,0.007907356392204877
748,0.0,0.0,0.007907356392204877
749,0.0,0.0,0.007907356392204877
750,0.0,0.0,0.007907356392204877
751,0.0,0.0,0.007907356392204877
752,0.0,0.0,0.007907356392204877
753,0.0,0.0,0.007907356392204877
754,0.0,0.0,0.007907356392204877
755,0.0,0.0,0.007907356392204877
756,0.0,0.0,0.007907356392204877
757,0.0,0.0,0.007907356392204877
758,0.0,0.0,0.007907356392204877
759,0.0,0.0,0.007907356392204877
760,0.0,0.0,0.007907356392204877
761,0.0,0.0,0.007907356392204877
762,0.0,0.0,0.007907356392204877
763,0.0,0.0,0.007907356392204877
764,0.0,0.0,0.007907356392204877
765,0.0,0.0,0.007907356392204877
766,0.0,0.0,0.007907356392204877
767,0.0,0.0,0.007907356392204877
768,0.0,0.0,0.007907356392204877
769,0.0,0.0,0.007907356392204877
770,0.0,0.0,0.007907356392204877
771,0.0,0.0,0.007907356392204877
772,0.0,0.0,0.007907356392204877
773,0.0,0.0,0.007907356392204877
774,0.0,0.0,0.007907356392204877
775,0.0,0.0,0.007907356392204877
776,0.0,0.0,0.007907356392204877
777,0.0,0.0,0.007907356392204877
778,0.0,0.0,0.007907356392204877
779,0.0,0.0,0.007907356392204877
780,0.0,0.0,0.007907356392204877
781,0.0,0.0,0.007907356392204877
782,0.0,0.0,0.007907356392204877
783,0.0,0.0,0.007907356392204877
784,0.0,0.0,0.007907356392204877
785,0.0,0.0,0.007907356392204877
786,0.0,0.0,0.007907356392204877
787,0.0,0.0,0.007907356392204877
788,0.0,0.0,0.007907356392204877
789,0.0,0.0,0.007907356392204877
790,0.0,0.0,0.007907356392204877
791,0.0,0.0,0.007907356392204877
792,0.0,0.0,0.007907356392204877
793,0.0,0.0,0.007907356392204877
794,0.0,0.0,0.007907356392204877
795,0.0,0.0,0.007907356392204877
796,0.0,0.0,0.007907356392204877
797,0.0,0.0,0.007907356392204877
798,0.0,0.0,0.007907356392204877
799,0.0,0.0,0.007907356392204877
800,0.0,0.0,0.007907356392204877
801,0.0,0.0,0.007907356392204877
802,0.0,0.0,0.007907356392204877
803,0.0,0.0,0.007907356392204877
804,0.0,0.0,0.007907356392204877
805,0.0,0.0,0.007907356392204877
806,0.0,0.0,0.007907356392204877
807,0.0,0.0,0.007907356392204877
808,0.0,0.0,0.007907356392204877
809,0.0,0.0,0.007907356392204877
810,0.0,0.0,0.007907356392204877
811,0.0,0.0,0.007907356392204877
812,0.0,0.0,0.007907356392204877
813,0.0,0.0,0.007907356392204877
814,0.0,0.0,0.007907356392204877
815,0.0,0.0,0.007907356392204877
816,0.0,0.0,0.007907356392204877
817,0.0,0.0,0.007907356392204877
818,0.0,0.0,0.007907356392204877
819,0.0,0.0,0.007907356392204877
820,0.0,0.0,0.007907356392204877
821,0.0,0.0,0.007907356392204877
822,0.0,0.0,0.007907356392204877
823,0.0,0.0,0.007907356392204877
824,0.0,0.0,0.007907356392204877
825,0.0,0.0,0.007907356392204877
826,7.512019230769231e-05,0.0,0.007907356392204877
827,0.0,0.0,0.007907356392204877
828,0.00015273004963726612,9.309686729041568e-05,0.007907356392204877
829,7.086669973779322e-05,0.0,0.007907356392204877
830,0.0,0.0,0.007907356392204877
831,0.0,0.0,0.007907356392204877
832,0.0,0.0,0.007907356392204877
833,6.851661527920521e-05,0.0,0.007907356392204877
834,0.0,0.0,0.007907356392204877
835,0.0,0.0,0.007907356392204877
836,0.0,0.0,0.007907356392204877
837,0.0,0.0,0.007907356392204877
838,0.0,0.0,0.007907356392204877
839,0.0,0.0,0.007907356392204877
840,0.0,0.0,0.007907356392204877
841,0.0,0.0,0.007907356392204877
842,0.0,0.0,0.007907356392204877
843,0.0,0.0,0.007907356392204877
844,0.0,0.0,0.007907356392204877
845,0.0,0.0,0.007907356392204877
846,0.0,0.0,0.007907356392204877
847,0.0,0.0,0.007907356392204877
848,0.0,0.0,0.007907356392204877
849,0.0,0.0,0.007907356392204877
850,0.0,0.0,0.007907356392204877
851,0.0,0.0,0.007907356392204877
852,0.0,0.0,0.007907356392204877
853,0.0,0.0,0.007907356392204877
854,0.0,0.0,0.007907356392204877
855,0.0,0.0,0.007907356392204877
856,0.0,0.0,0.007907356392204877
857,0.0,0.0,0.007907356392204877
858,0.0,0.0,0.007907356392204877
859,0.0,0.0,0.007907356392204877
860,0.0,0.0,0.007907356392204877
861,0.0,0.0,0.007907356392204877
862,0.0,0.0,0.007907356392204877
863,0.0,0.0,0.007907356392204877
864,0.0,0.0,0.007907356392204877
865,0.0,0.0,0.007907356392204877
866,0.0,0.0,0.007907356392204877
867,0.0,0.0,0.007907356392204877
868,0.0,0.0,0.007907356392204877
869,0.0,0.0,0.007907356392204877
870,0.0,0.0,0.007907356392204877
871,0.0,0.0,0.007907356392204877
872,0.00021210407239819005,0.0,0.007907356392204877
873,0.0,0.0,0.007907356392204877
874,0.0,0.0,0.007907356392204877
875,0.0,0.0,0.007907356392204877
876,0.0,0.0,0.007907356392204877
877,0.0,0.0,0.007907356392204877
878,0.0,0.0,0.007907356392204877
879,0.0,0.0,0.007907356392204877
880,0.00041608876560332873,0.0,0.007907356392204877
881,0.0,0.0,0.007907356392204877
882,0.0,0.0,0.007907356392204877
883,0.0,0.0,0.007907356392204877
884,7.20876585928489e-05,0.0,0.007907356392204877
885,0.0,0.0,0.007907356392204877
886,0.0,0.0,0.007907356392204877
887,0.0,0.0,0.007907356392204877
888,0.0,0.0,0.007907356392204877
889,7.316359379572725e-05,0.0,0.007907356392204877
890,0.0,0.0,0.007907356392204877
891,0.0,0.0,0.007907356392204877
892,0.0,0.0,0.007907356392204877
893,0.0,0.0,0.007907356392204877
894,0.0,0.0,0.007907356392204877
895,0.0,0.0,0.007907356392204877
896,0.0,0.0,0.007907356392204877
897,0.0,0.0,0.007907356392204877
898,0.0,0.0,0.007907356392204877
899,0.00037593984962406017,0.0,0.007907356392204877
900,0.0,0.0,0.007907356392204877
901,0.0,0.0,0.007907356392204877
902,0.0,0.0,0.007907356392204877
903,0.0,0.0,0.007907356392204877
904,0.0,0.0,0.007907356392204877
905,0.0,0.0,0.007907356392204877
